START,ELAPSED_MINUTES,FASE,FILTERED_TEMP,T_INI,T_FIN,VELOCITA,SOSTA_MIN
1,35,1,798,650,800,23,10
1,35,1,802,650,800,23,10
1,35,1,806,650,800,23,10
1,35,1,801,650,800,23,10
1,35,1,797,650,800,23,10
1,36,1,794,650,800,23,10
1,36,1,797,650,800,23,10
1,36,1,803,650,800,23,10
1,37,1,805,650,800,23,10
1,37,1,800,650,800,23,10
1,37,1,796,650,800,23,10
1,38,1,794,650,800,23,10
1,38,1,798,650,800,23,10
1,38,1,805,650,800,23,10
1,39,1,802,650,800,23,10
1,39,1,798,650,800,23,10
1,39,1,794,650,800,23,10
1,40,2,799,800,1000,17,0
1,40,2,806,800,1000,17,0
1,40,2,803,800,1000,17,0
1,41,2,803,800,1000,17,0
1,41,2,809,800,1000,17,0
1,41,2,813,800,1000,17,0
1,41,2,821,800,1000,17,0
1,42,2,827,800,1000,17,0
1,42,2,833,800,1000,17,0
1,42,2,839,800,1000,17,0
1,43,2,847,800,1000,17,0
1,43,2,851,800,1000,17,0
1,43,2,855,800,1000,17,0
1,44,2,864,800,1000,17,0
1,44,2,869,800,1000,17,0
1,44,2,873,800,1000,17,0
1,45,2,878,800,1000,17,0
1,45,2,882,800,1000,17,0
1,45,2,885,800,1000,17,0
1,46,2,890,800,1000,17,0
1,46,2,897,800,1000,17,0
1,46,2,901,800,1000,17,0
1,47,2,906,800,1000,17,0
1,47,2,913,800,1000,17,0
1,47,2,917,800,1000,17,0
1,48,2,920,800,1000,17,0
1,48,2,925,800,1000,17,0
1,48,2,929,800,1000,17,0
1,48,2,933,800,1000,17,0
1,49,2,937,800,1000,17,0
1,49,2,943,800,1000,17,0
1,49,2,947,800,1000,17,0
1,50,2,951,800,1000,17,0
1,50,2,955,800,1000,17,0
1,50,2,959,800,1000,17,0
1,51,2,962,800,1000,17,0
1,51,2,966,800,1000,17,0
1,51,2,972,800,1000,17,0
1,52,2,976,800,1000,17,0
1,52,2,979,800,1000,17,0
1,52,2,983,800,1000,17,0
1,53,2,986,800,1000,17,0
1,53,2,989,800,1000,17,0
1,53,2,992,800,1000,17,0
1,54,2,997,800,1000,17,0
1,54,2,1000,800,1000,17,0
1,54,3,1003,1000,1200,10,10
1,54,3,1007,1000,1200,10,10
1,55,3,1011,1000,1200,10,10
1,55,3,1014,1000,1200,10,10
1,55,3,1011,1000,1200,10,10
1,56,3,1013,1000,1200,10,10
1,56,3,1017,1000,1200,10,10
1,56,3,1020,1000,1200,10,10
1,57,3,1025,1000,1200,10,10
1,57,3,1027,1000,1200,10,10
1,57,3,1030,1000,1200,10,10
1,58,3,1034,1000,1200,10,10
1,58,3,1037,1000,1200,10,10
1,58,3,1040,1000,1200,10,10
1,58,3,1044,1000,1200,10,10
1,59,3,1049,1000,1200,10,10
1,59,3,1051,1000,1200,10,10
1,60,3,1054,1000,1200,10,10
1,60,3,1058,1000,1200,10,10
1,60,3,1061,1000,1200,10,10
1,60,3,1063,1000,1200,10,10
1,61,3,1065,1000,1200,10,10
1,61,3,1068,1000,1200,10,10
1,61,3,1070,1000,1200,10,10
1,62,3,1073,1000,1200,10,10
1,62,3,1077,1000,1200,10,10
1,62,3,1080,1000,1200,10,10
1,63,3,1083,1000,1200,10,10
1,63,3,1086,1000,1200,10,10
1,63,3,1090,1000,1200,10,10
1,64,3,1092,1000,1200,10,10
1,64,3,1095,1000,1200,10,10
1,64,3,1097,1000,1200,10,10
1,65,3,1099,1000,1200,10,10
1,65,3,1101,1000,1200,10,10
1,65,3,1104,1000,1200,10,10
1,66,3,1108,1000,1200,10,10
1,66,3,1110,1000,1200,10,10
1,66,3,1112,1000,1200,10,10
1,67,3,1117,1000,1200,10,10
1,67,3,1119,1000,1200,10,10
1,67,3,1121,1000,1200,10,10
1,68,3,1124,1000,1200,10,10
1,68,3,1126,1000,1200,10,10
1,68,3,1128,1000,1200,10,10
1,69,3,1131,1000,1200,10,10
1,69,3,1134,1000,1200,10,10
1,69,3,1135,1000,1200,10,10
1,70,3,1136,1000,1200,10,10
1,70,3,1139,1000,1200,10,10
1,70,3,1141,1000,1200,10,10
1,70,3,1143,1000,1200,10,10
1,71,3,1145,1000,1200,10,10
1,71,3,1148,1000,1200,10,10
1,72,3,1151,1000,1200,10,10
1,72,3,1154,1000,1200,10,10
1,72,3,1157,1000,1200,10,10
1,73,3,1159,1000,1200,10,10
1,73,3,1161,1000,1200,10,10
1,73,3,1163,1000,1200,10,10
1,73,3,1165,1000,1200,10,10
1,74,3,1167,1000,1200,10,10
1,74,3,1168,1000,1200,10,10
1,74,3,1171,1000,1200,10,10
1,75,3,1172,1000,1200,10,10
1,75,3,1174,1000,1200,10,10
1,75,3,1176,1000,1200,10,10
1,76,3,1178,1000,1200,10,10
1,76,3,1180,1000,1200,10,10
1,76,3,1181,1000,1200,10,10
1,77,3,1184,1000,1200,10,10
1,77,3,1186,1000,1200,10,10
1,77,3,1188,1000,1200,10,10
1,78,3,1191,1000,1200,10,10
1,78,3,1193,1000,1200,10,10
1,78,3,1194,1000,1200,10,10
1,79,3,1197,1000,1200,10,10
1,79,3,1198,1000,1200,10,10
1,79,3,1200,1000,1200,10,10
1,79,3,1202,1000,1200,10,10
1,79,3,1204,1000,1200,10,10
1,79,3,1205,1000,1200,10,10
1,80,3,1197,1000,1200,10,10
1,80,3,1194,1000,1200,10,10
1,80,3,1197,1000,1200,10,10
1,81,3,1199,1000,1200,10,10
1,81,3,1202,1000,1200,10,10
1,81,3,1204,1000,1200,10,10
1,82,3,1202,1000,1200,10,10
1,82,3,1196,1000,1200,10,10
1,82,3,1195,1000,1200,10,10
1,83,3,1198,1000,1200,10,10
1,83,3,1201,1000,1200,10,10
1,83,3,1204,1000,1200,10,10
1,84,3,1203,1000,1200,10,10
1,84,3,1196,1000,1200,10,10
1,84,3,1195,1000,1200,10,10
1,84,3,1198,1000,1200,10,10
1,85,3,1202,1000,1200,10,10
1,85,3,1204,1000,1200,10,10
1,85,3,1204,1000,1200,10,10
1,85,3,1205,1000,1200,10,10
1,85,3,1205,1000,1200,10,10
1,86,3,1203,1000,1200,10,10
1,86,3,1201,1000,1200,10,10
1,86,3,1199,1000,1200,10,10
1,86,3,1196,1000,1200,10,10
1,86,3,1194,1000,1200,10,10
1,86,3,1193,1000,1200,10,10
1,86,3,1194,1000,1200,10,10
1,86,3,1194,1000,1200,10,10
1,86,3,1195,1000,1200,10,10
1,86,3,1197,1000,1200,10,10
1,86,3,1197,1000,1200,10,10
1,86,3,1198,1000,1200,10,10
1,87,3,1199,1000,1200,10,10
1,87,3,1200,1000,1200,10,10
1,87,3,1201,1000,1200,10,10
1,87,3,1202,1000,1200,10,10
1,87,3,1203,1000,1200,10,10
1,87,3,1204,1000,1200,10,10
1,87,3,1204,1000,1200,10,10
1,87,3,1205,1000,1200,10,10
1,87,3,1205,1000,1200,10,10
1,87,3,1203,1000,1200,10,10
1,87,3,1200,1000,1200,10,10
1,88,3,1198,1000,1200,10,10
1,88,3,1196,1000,1200,10,10
1,88,3,1194,1000,1200,10,10
1,88,3,1193,1000,1200,10,10
1,88,3,1194,1000,1200,10,10
1,88,3,1195,1000,1200,10,10
1,88,3,1196,1000,1200,10,10
1,88,3,1197,1000,1200,10,10
1,88,3,1198,1000,1200,10,10
1,88,3,1199,1000,1200,10,10
1,88,3,1200,1000,1200,10,10
1,89,4,1200,1200,1300,5,0
1,89,4,1202,1200,1300,5,0
1,89,4,1202,1200,1300,5,0
1,89,4,1203,1200,1300,5,0
1,89,4,1204,1200,1300,5,0
1,89,4,1205,1200,1300,5,0
1,89,4,1205,1200,1300,5,0
1,96,4,1234,1200,1300,5,0
1,96,4,1234,1200,1300,5,0
1,96,4,1235,1200,1300,5,0
1,96,4,1236,1200,1300,5,0
1,96,4,1236,1200,1300,5,0
1,96,4,1236,1200,1300,5,0
1,96,4,1237,1200,1300,5,0
1,96,4,1238,1200,1300,5,0
1,96,4,1238,1200,1300,5,0
1,96,4,1238,1200,1300,5,0
1,97,4,1239,1200,1300,5,0
1,97,4,1240,1200,1300,5,0
1,97,4,1240,1200,1300,5,0
1,97,4,1241,1200,1300,5,0
1,97,4,1241,1200,1300,5,0
1,97,4,1242,1200,1300,5,0
1,97,4,1242,1200,1300,5,0
1,97,4,1242,1200,1300,5,0
1,97,4,1243,1200,1300,5,0
1,97,4,1243,1200,1300,5,0
1,97,4,1243,1200,1300,5,0
1,98,4,1243,1200,1300,5,0
1,98,4,1244,1200,1300,5,0
1,98,4,1244,1200,1300,5,0
1,98,4,1245,1200,1300,5,0
1,98,4,1245,1200,1300,5,0
1,98,4,1246,1200,1300,5,0
1,98,4,1246,1200,1300,5,0
1,98,4,1247,1200,1300,5,0
1,98,4,1247,1200,1300,5,0
1,98,4,1248,1200,1300,5,0
1,98,4,1248,1200,1300,5,0
1,99,4,1249,1200,1300,5,0
1,99,4,1249,1200,1300,5,0
1,99,4,1250,1200,1300,5,0
1,99,4,1250,1200,1300,5,0
1,99,4,1250,1200,1300,5,0
1,99,4,1251,1200,1300,5,0
1,99,4,1251,1200,1300,5,0
1,99,4,1252,1200,1300,5,0
1,99,4,1252,1200,1300,5,0
1,99,4,1253,1200,1300,5,0
1,99,4,1253,1200,1300,5,0
1,99,4,1254,1200,1300,5,0
1,100,4,1254,1200,1300,5,0
1,100,4,1255,1200,1300,5,0
1,100,4,1255,1200,1300,5,0
1,100,4,1256,1200,1300,5,0
1,100,4,1256,1200,1300,5,0
1,100,4,1257,1200,1300,5,0
1,100,4,1257,1200,1300,5,0
1,100,4,1257,1200,1300,5,0
1,100,4,1258,1200,1300,5,0
1,100,4,1259,1200,1300,5,0
1,100,4,1260,1200,1300,5,0
1,101,4,1260,1200,1300,5,0
1,101,4,1261,1200,1300,5,0
1,101,4,1261,1200,1300,5,0
1,101,4,1262,1200,1300,5,0
1,101,4,1263,1200,1300,5,0
1,101,4,1263,1200,1300,5,0
1,101,4,1264,1200,1300,5,0
1,101,4,1264,1200,1300,5,0
1,101,4,1265,1200,1300,5,0
1,101,4,1265,1200,1300,5,0
1,101,4,1265,1200,1300,5,0
1,102,4,1263,1200,1300,5,0
1,102,4,1260,1200,1300,5,0
1,102,4,1257,1200,1300,5,0
1,102,4,1257,1200,1300,5,0
1,102,4,1258,1200,1300,5,0
1,102,4,1259,1200,1300,5,0
1,102,4,1260,1200,1300,5,0
1,102,4,1261,1200,1300,5,0
1,102,4,1262,1200,1300,5,0
1,102,4,1263,1200,1300,5,0
1,102,4,1263,1200,1300,5,0
1,102,4,1264,1200,1300,5,0
1,103,4,1265,1200,1300,5,0
1,103,4,1265,1200,1300,5,0
1,103,4,1266,1200,1300,5,0
1,103,4,1266,1200,1300,5,0
1,103,4,1267,1200,1300,5,0
1,103,4,1267,1200,1300,5,0
1,103,4,1268,1200,1300,5,0
1,103,4,1269,1200,1300,5,0
1,103,4,1269,1200,1300,5,0
1,103,4,1270,1200,1300,5,0
1,103,4,1270,1200,1300,5,0
1,104,4,1271,1200,1300,5,0
1,104,4,1272,1200,1300,5,0
1,104,4,1272,1200,1300,5,0
1,104,4,1272,1200,1300,5,0
1,104,4,1273,1200,1300,5,0
1,104,4,1274,1200,1300,5,0
1,104,4,1274,1200,1300,5,0
1,104,4,1274,1200,1300,5,0
1,104,4,1275,1200,1300,5,0
1,104,4,1275,1200,1300,5,0
1,104,4,1276,1200,1300,5,0
1,105,4,1276,1200,1300,5,0
1,105,4,1277,1200,1300,5,0
1,105,4,1277,1200,1300,5,0
1,105,4,1278,1200,1300,5,0
1,105,4,1278,1200,1300,5,0
1,105,4,1278,1200,1300,5,0
1,105,4,1279,1200,1300,5,0
1,105,4,1279,1200,1300,5,0
1,105,4,1279,1200,1300,5,0
1,105,4,1280,1200,1300,5,0
1,105,4,1280,1200,1300,5,0
1,105,4,1281,1200,1300,5,0
1,106,4,1281,1200,1300,5,0
1,106,4,1282,1200,1300,5,0
1,106,4,1282,1200,1300,5,0
1,106,4,1282,1200,1300,5,0
1,106,4,1283,1200,1300,5,0
1,106,4,1284,1200,1300,5,0
1,106,4,1284,1200,1300,5,0
1,106,4,1285,1200,1300,5,0
1,106,4,1285,1200,1300,5,0
1,106,4,1286,1200,1300,5,0
1,106,4,1286,1200,1300,5,0
1,107,4,1287,1200,1300,5,0
1,107,4,1287,1200,1300,5,0
1,107,4,1288,1200,1300,5,0
1,107,4,1288,1200,1300,5,0
1,107,4,1289,1200,1300,5,0
1,107,4,1290,1200,1300,5,0
1,107,4,1290,1200,1300,5,0
1,107,4,1291,1200,1300,5,0
1,107,4,1291,1200,1300,5,0
1,107,4,1292,1200,1300,5,0
1,107,4,1293,1200,1300,5,0
1,108,4,1293,1200,1300,5,0
1,108,4,1294,1200,1300,5,0
1,108,4,1295,1200,1300,5,0
1,108,4,1296,1200,1300,5,0
1,108,4,1297,1200,1300,5,0
1,108,4,1298,1200,1300,5,0
1,108,4,1298,1200,1300,5,0
1,108,4,1299,1200,1300,5,0
1,108,5,1300,1300,1400,4,0
1,108,5,1301,1300,1400,4,0
1,108,5,1302,1300,1400,4,0
1,108,5,1302,1300,1400,4,0
1,109,5,1303,1300,1400,4,0
1,109,5,1304,1300,1400,4,0
1,109,5,1304,1300,1400,4,0
1,109,5,1305,1300,1400,4,0
1,109,5,1306,1300,1400,4,0
1,109,5,1306,1300,1400,4,0
1,109,5,1307,1300,1400,4,0
1,109,5,1308,1300,1400,4,0
1,109,5,1309,1300,1400,4,0
1,109,5,1309,1300,1400,4,0
1,109,5,1309,1300,1400,4,0
1,110,5,1307,1300,1400,4,0
1,110,5,1305,1300,1400,4,0
1,110,5,1302,1300,1400,4,0
1,110,5,1301,1300,1400,4,0
1,110,5,1301,1300,1400,4,0
1,110,5,1302,1300,1400,4,0
1,110,5,1304,1300,1400,4,0
1,110,5,1305,1300,1400,4,0
1,110,5,1306,1300,1400,4,0
1,110,5,1306,1300,1400,4,0
1,110,5,1307,1300,1400,4,0
1,111,5,1308,1300,1400,4,0
1,111,5,1309,1300,1400,4,0
1,111,5,1310,1300,1400,4,0
1,111,5,1311,1300,1400,4,0
1,111,5,1311,1300,1400,4,0
1,111,5,1312,1300,1400,4,0
1,111,5,1313,1300,1400,4,0
1,111,5,1314,1300,1400,4,0
1,111,5,1314,1300,1400,4,0
1,111,5,1315,1300,1400,4,0
1,111,5,1315,1300,1400,4,0
1,111,5,1316,1300,1400,4,0
1,112,5,1316,1300,1400,4,0
1,112,5,1317,1300,1400,4,0
1,112,5,1318,1300,1400,4,0
1,112,5,1318,1300,1400,4,0
1,112,5,1319,1300,1400,4,0
1,112,5,1320,1300,1400,4,0
1,112,5,1321,1300,1400,4,0
1,112,5,1321,1300,1400,4,0
1,112,5,1321,1300,1400,4,0
1,112,5,1318,1300,1400,4,0
1,112,5,1316,1300,1400,4,0
1,113,5,1314,1300,1400,4,0
1,113,5,1313,1300,1400,4,0
1,113,5,1314,1300,1400,4,0
1,113,5,1314,1300,1400,4,0
1,113,5,1315,1300,1400,4,0
1,113,5,1315,1300,1400,4,0
1,113,5,1316,1300,1400,4,0
1,113,5,1317,1300,1400,4,0
1,113,5,1318,1300,1400,4,0
1,113,5,1318,1300,1400,4,0
1,113,5,1319,1300,1400,4,0
1,114,5,1320,1300,1400,4,0
1,114,5,1321,1300,1400,4,0
1,114,5,1322,1300,1400,4,0
1,114,5,1323,1300,1400,4,0
1,114,5,1323,1300,1400,4,0
1,114,5,1324,1300,1400,4,0
1,114,5,1324,1300,1400,4,0
1,114,5,1325,1300,1400,4,0
1,114,5,1326,1300,1400,4,0
1,114,5,1327,1300,1400,4,0
1,114,5,1327,1300,1400,4,0
1,114,5,1328,1300,1400,4,0
1,115,5,1329,1300,1400,4,0
1,115,5,1329,1300,1400,4,0
1,115,5,1330,1300,1400,4,0
1,115,5,1331,1300,1400,4,0
1,115,5,1332,1300,1400,4,0
1,115,5,1332,1300,1400,4,0
1,115,5,1333,1300,1400,4,0
1,115,5,1331,1300,1400,4,0
1,115,5,1327,1300,1400,4,0
1,115,5,1324,1300,1400,4,0
1,115,5,1321,1300,1400,4,0
1,116,5,1320,1300,1400,4,0
1,116,5,1321,1300,1400,4,0
1,116,5,1322,1300,1400,4,0
1,116,5,1323,1300,1400,4,0
1,116,5,1324,1300,1400,4,0
1,116,5,1325,1300,1400,4,0
1,116,5,1326,1300,1400,4,0
1,116,5,1327,1300,1400,4,0
1,116,5,1328,1300,1400,4,0
1,116,5,1329,1300,1400,4,0
1,116,5,1329,1300,1400,4,0
1,117,5,1331,1300,1400,4,0
1,117,5,1332,1300,1400,4,0
1,117,5,1332,1300,1400,4,0
1,117,5,1334,1300,1400,4,0
1,117,5,1334,1300,1400,4,0
1,117,5,1335,1300,1400,4,0
1,117,5,1336,1300,1400,4,0
1,117,5,1336,1300,1400,4,0
1,117,5,1337,1300,1400,4,0
1,117,5,1338,1300,1400,4,0
1,117,5,1338,1300,1400,4,0
1,117,5,1339,1300,1400,4,0
1,118,5,1339,1300,1400,4,0
1,118,5,1340,1300,1400,4,0
1,118,5,1340,1300,1400,4,0
1,118,5,1341,1300,1400,4,0
1,118,5,1341,1300,1400,4,0
1,118,5,1342,1300,1400,4,0
1,118,5,1343,1300,1400,4,0
1,118,5,1343,1300,1400,4,0
1,118,5,1343,1300,1400,4,0
1,118,5,1344,1300,1400,4,0
1,118,5,1345,1300,1400,4,0
1,119,5,1345,1300,1400,4,0
1,119,5,1345,1300,1400,4,0
1,119,5,1346,1300,1400,4,0
1,119,5,1346,1300,1400,4,0
1,119,5,1347,1300,1400,4,0
1,119,5,1347,1300,1400,4,0
1,119,5,1348,1300,1400,4,0
1,119,5,1348,1300,1400,4,0
1,119,5,1348,1300,1400,4,0
1,119,5,1349,1300,1400,4,0
1,119,5,1349,1300,1400,4,0
1,120,5,1349,1300,1400,4,0
1,120,5,1346,1300,1400,4,0
1,120,5,1343,1300,1400,4,0
1,120,5,1340,1300,1400,4,0
1,120,5,1341,1300,1400,4,0
1,120,5,1341,1300,1400,4,0
1,120,5,1342,1300,1400,4,0
1,120,5,1343,1300,1400,4,0
1,120,5,1343,1300,1400,4,0
1,120,5,1344,1300,1400,4,0
1,120,5,1345,1300,1400,4,0
1,120,5,1345,1300,1400,4,0
1,121,5,1346,1300,1400,4,0
1,121,5,1347,1300,1400,4,0
1,121,5,1347,1300,1400,4,0
1,121,5,1348,1300,1400,4,0
1,121,5,1348,1300,1400,4,0
1,121,5,1349,1300,1400,4,0
1,121,5,1349,1300,1400,4,0
1,121,5,1350,1300,1400,4,0
1,121,5,1350,1300,1400,4,0
1,121,5,1350,1300,1400,4,0
1,121,5,1350,1300,1400,4,0
1,122,5,1351,1300,1400,4,0
1,122,5,1351,1300,1400,4,0
1,122,5,1351,1300,1400,4,0
1,122,5,1352,1300,1400,4,0
1,122,5,1352,1300,1400,4,0
1,122,5,1352,1300,1400,4,0
1,122,5,1353,1300,1400,4,0
1,122,5,1353,1300,1400,4,0
1,122,5,1354,1300,1400,4,0
1,122,5,1354,1300,1400,4,0
1,122,5,1354,1300,1400,4,0
1,123,5,1355,1300,1400,4,0
1,123,5,1355,1300,1400,4,0
1,123,5,1355,1300,1400,4,0
1,123,5,1356,1300,1400,4,0
1,123,5,1356,1300,1400,4,0
1,123,5,1356,1300,1400,4,0
1,123,5,1357,1300,1400,4,0
1,123,5,1357,1300,1400,4,0
1,123,5,1357,1300,1400,4,0
1,123,5,1358,1300,1400,4,0
1,123,5,1358,1300,1400,4,0
1,124,5,1358,1300,1400,4,0
1,124,5,1359,1300,1400,4,0
1,124,5,1359,1300,1400,4,0
1,124,5,1359,1300,1400,4,0
1,124,5,1359,1300,1400,4,0
1,124,5,1360,1300,1400,4,0
1,124,5,1360,1300,1400,4,0
1,126,5,1365,1300,1400,4,0
1,126,5,1365,1300,1400,4,0
1,126,5,1366,1300,1400,4,0
1,126,5,1366,1300,1400,4,0
1,126,5,1366,1300,1400,4,0
1,126,5,1366,1300,1400,4,0
1,126,5,1367,1300,1400,4,0
1,126,5,1367,1300,1400,4,0
1,126,5,1368,1300,1400,4,0
1,127,5,1368,1300,1400,4,0
1,127,5,1368,1300,1400,4,0
1,127,5,1368,1300,1400,4,0
1,127,5,1369,1300,1400,4,0
1,127,5,1369,1300,1400,4,0
1,127,5,1369,1300,1400,4,0
1,127,5,1370,1300,1400,4,0
1,127,5,1370,1300,1400,4,0
1,127,5,1370,1300,1400,4,0
1,127,5,1370,1300,1400,4,0
1,127,5,1370,1300,1400,4,0
1,127,5,1370,1300,1400,4,0
1,128,5,1371,1300,1400,4,0
1,128,5,1371,1300,1400,4,0
1,128,5,1371,1300,1400,4,0
1,128,5,1372,1300,1400,4,0
1,128,5,1371,1300,1400,4,0
1,128,5,1372,1300,1400,4,0
1,128,5,1372,1300,1400,4,0
1,128,5,1372,1300,1400,4,0
1,128,5,1372,1300,1400,4,0
1,128,5,1372,1300,1400,4,0
1,128,5,1372,1300,1400,4,0
1,129,5,1373,1300,1400,4,0
1,129,5,1373,1300,1400,4,0
1,129,5,1373,1300,1400,4,0
1,129,5,1373,1300,1400,4,0
1,129,5,1373,1300,1400,4,0
1,129,5,1373,1300,1400,4,0
1,129,5,1373,1300,1400,4,0
1,129,5,1374,1300,1400,4,0
1,129,5,1374,1300,1400,4,0
1,129,5,1374,1300,1400,4,0
1,129,5,1374,1300,1400,4,0
1,130,5,1374,1300,1400,4,0
1,130,5,1374,1300,1400,4,0
1,130,5,1374,1300,1400,4,0
1,130,5,1375,1300,1400,4,0
1,130,5,1374,1300,1400,4,0
1,130,5,1375,1300,1400,4,0
1,130,5,1375,1300,1400,4,0
1,130,5,1375,1300,1400,4,0
1,130,5,1375,1300,1400,4,0
1,130,5,1375,1300,1400,4,0
1,130,5,1376,1300,1400,4,0
1,130,5,1375,1300,1400,4,0
1,131,5,1376,1300,1400,4,0
1,131,5,1376,1300,1400,4,0
1,131,5,1376,1300,1400,4,0
1,131,5,1377,1300,1400,4,0
1,131,5,1377,1300,1400,4,0
1,131,5,1377,1300,1400,4,0
1,131,5,1377,1300,1400,4,0
1,131,5,1377,1300,1400,4,0
1,131,5,1377,1300,1400,4,0
1,131,5,1377,1300,1400,4,0
1,131,5,1377,1300,1400,4,0
1,132,5,1377,1300,1400,4,0
1,132,5,1377,1300,1400,4,0
1,132,5,1377,1300,1400,4,0
1,132,5,1378,1300,1400,4,0
1,132,5,1378,1300,1400,4,0
1,132,5,1378,1300,1400,4,0
1,132,5,1378,1300,1400,4,0
1,132,5,1378,1300,1400,4,0
1,132,5,1378,1300,1400,4,0
1,132,5,1378,1300,1400,4,0
1,132,5,1379,1300,1400,4,0
1,133,5,1378,1300,1400,4,0
1,133,5,1379,1300,1400,4,0
1,133,5,1379,1300,1400,4,0
1,133,5,1379,1300,1400,4,0
1,133,5,1379,1300,1400,4,0
1,133,5,1379,1300,1400,4,0
1,133,5,1379,1300,1400,4,0
1,133,5,1379,1300,1400,4,0
1,133,5,1379,1300,1400,4,0
1,133,5,1380,1300,1400,4,0
1,133,5,1380,1300,1400,4,0
1,134,5,1380,1300,1400,4,0
1,134,5,1380,1300,1400,4,0
1,134,5,1380,1300,1400,4,0
1,134,5,1380,1300,1400,4,0
1,134,5,1381,1300,1400,4,0
1,134,5,1381,1300,1400,4,0
1,134,5,1381,1300,1400,4,0
1,134,5,1381,1300,1400,4,0
1,134,5,1381,1300,1400,4,0
1,134,5,1381,1300,1400,4,0
1,134,5,1381,1300,1400,4,0
1,134,5,1381,1300,1400,4,0
1,135,5,1381,1300,1400,4,0
1,135,5,1381,1300,1400,4,0
1,135,5,1381,1300,1400,4,0
1,135,5,1382,1300,1400,4,0
1,135,5,1382,1300,1400,4,0
1,135,5,1382,1300,1400,4,0
1,135,5,1382,1300,1400,4,0
1,135,5,1382,1300,1400,4,0
1,135,5,1382,1300,1400,4,0
1,135,5,1382,1300,1400,4,0
1,135,5,1382,1300,1400,4,0
1,136,5,1382,1300,1400,4,0
1,136,5,1382,1300,1400,4,0
1,136,5,1382,1300,1400,4,0
1,136,5,1382,1300,1400,4,0
1,136,5,1382,1300,1400,4,0
1,136,5,1382,1300,1400,4,0
1,136,5,1383,1300,1400,4,0
1,136,5,1383,1300,1400,4,0
1,136,5,1383,1300,1400,4,0
1,136,5,1383,1300,1400,4,0
1,136,5,1383,1300,1400,4,0
1,137,5,1383,1300,1400,4,0
1,137,5,1383,1300,1400,4,0
1,137,5,1384,1300,1400,4,0
1,137,5,1383,1300,1400,4,0
1,137,5,1384,1300,1400,4,0
1,137,5,1384,1300,1400,4,0
1,137,5,1384,1300,1400,4,0
1,137,5,1383,1300,1400,4,0
1,137,5,1384,1300,1400,4,0
1,137,5,1384,1300,1400,4,0
1,137,5,1384,1300,1400,4,0
1,137,5,1384,1300,1400,4,0
1,138,5,1384,1300,1400,4,0
1,138,5,1384,1300,1400,4,0
1,138,5,1384,1300,1400,4,0
1,138,5,1384,1300,1400,4,0
1,138,5,1384,1300,1400,4,0
1,138,5,1384,1300,1400,4,0
1,138,5,1385,1300,1400,4,0
1,138,5,1384,1300,1400,4,0
1,138,5,1385,1300,1400,4,0
1,138,5,1385,1300,1400,4,0
1,138,5,1385,1300,1400,4,0
1,139,5,1385,1300,1400,4,0
1,139,5,1385,1300,1400,4,0
1,139,5,1385,1300,1400,4,0
1,139,5,1385,1300,1400,4,0
1,139,5,1385,1300,1400,4,0
1,139,5,1385,1300,1400,4,0
1,139,5,1385,1300,1400,4,0
1,139,5,1385,1300,1400,4,0
1,140,5,1386,1300,1400,4,0
1,140,5,1386,1300,1400,4,0
1,140,5,1386,1300,1400,4,0
1,140,5,1386,1300,1400,4,0
1,140,5,1386,1300,1400,4,0
1,140,5,1386,1300,1400,4,0
1,140,5,1386,1300,1400,4,0
1,140,5,1386,1300,1400,4,0
1,140,5,1386,1300,1400,4,0
1,140,5,1386,1300,1400,4,0
1,140,5,1386,1300,1400,4,0
1,141,5,1386,1300,1400,4,0
1,141,5,1386,1300,1400,4,0
1,141,5,1386,1300,1400,4,0
1,141,5,1386,1300,1400,4,0
1,141,5,1386,1300,1400,4,0
1,141,5,1386,1300,1400,4,0
1,141,5,1386,1300,1400,4,0
1,141,5,1387,1300,1400,4,0
1,141,5,1387,1300,1400,4,0
1,141,5,1387,1300,1400,4,0
1,141,5,1387,1300,1400,4,0
1,141,5,1387,1300,1400,4,0
1,142,5,1387,1300,1400,4,0
1,142,5,1387,1300,1400,4,0
1,142,5,1387,1300,1400,4,0
1,142,5,1387,1300,1400,4,0
1,142,5,1387,1300,1400,4,0
1,142,5,1387,1300,1400,4,0
1,142,5,1387,1300,1400,4,0
1,142,5,1387,1300,1400,4,0
1,142,5,1387,1300,1400,4,0
1,142,5,1387,1300,1400,4,0
1,142,5,1388,1300,1400,4,0
1,143,5,1388,1300,1400,4,0
1,143,5,1388,1300,1400,4,0
1,143,5,1388,1300,1400,4,0
1,143,5,1387,1300,1400,4,0
1,143,5,1388,1300,1400,4,0
1,143,5,1388,1300,1400,4,0
1,143,5,1388,1300,1400,4,0
1,143,5,1388,1300,1400,4,0
1,143,5,1388,1300,1400,4,0
1,143,5,1388,1300,1400,4,0
1,143,5,1388,1300,1400,4,0
1,144,5,1388,1300,1400,4,0
1,144,5,1388,1300,1400,4,0
1,144,5,1388,1300,1400,4,0
1,144,5,1388,1300,1400,4,0
1,144,5,1388,1300,1400,4,0
1,144,5,1388,1300,1400,4,0
1,144,5,1388,1300,1400,4,0
1,144,5,1388,1300,1400,4,0
1,144,5,1388,1300,1400,4,0
1,144,5,1389,1300,1400,4,0
1,144,5,1389,1300,1400,4,0
1,144,5,1389,1300,1400,4,0
1,145,5,1389,1300,1400,4,0
1,145,5,1389,1300,1400,4,0
1,145,5,1389,1300,1400,4,0
1,145,5,1389,1300,1400,4,0
1,145,5,1389,1300,1400,4,0
1,145,5,1389,1300,1400,4,0
1,145,5,1389,1300,1400,4,0
1,145,5,1389,1300,1400,4,0
1,145,5,1389,1300,1400,4,0
1,145,5,1389,1300,1400,4,0
1,145,5,1389,1300,1400,4,0
1,146,5,1389,1300,1400,4,0
1,146,5,1389,1300,1400,4,0
1,146,5,1389,1300,1400,4,0
1,146,5,1389,1300,1400,4,0
1,146,5,1390,1300,1400,4,0
1,146,5,1389,1300,1400,4,0
1,146,5,1389,1300,1400,4,0
1,146,5,1389,1300,1400,4,0
1,146,5,1389,1300,1400,4,0
1,146,5,1390,1300,1400,4,0
1,146,5,1390,1300,1400,4,0
1,147,5,1390,1300,1400,4,0
1,147,5,1390,1300,1400,4,0
1,147,5,1390,1300,1400,4,0
1,147,5,1390,1300,1400,4,0
1,147,5,1390,1300,1400,4,0
1,147,5,1390,1300,1400,4,0
1,147,5,1390,1300,1400,4,0
1,147,5,1390,1300,1400,4,0
1,147,5,1390,1300,1400,4,0
1,147,5,1390,1300,1400,4,0
1,147,5,1390,1300,1400,4,0
1,147,5,1390,1300,1400,4,0
1,148,5,1390,1300,1400,4,0
1,148,5,1390,1300,1400,4,0
1,148,5,1391,1300,1400,4,0
1,148,5,1391,1300,1400,4,0
1,148,5,1390,1300,1400,4,0
1,148,5,1390,1300,1400,4,0
1,148,5,1391,1300,1400,4,0
1,149,5,1391,1300,1400,4,0
1,149,5,1391,1300,1400,4,0
1,149,5,1391,1300,1400,4,0
1,149,5,1391,1300,1400,4,0
1,149,5,1392,1300,1400,4,0
1,150,5,1392,1300,1400,4,0
1,150,5,1392,1300,1400,4,0
1,151,5,1392,1300,1400,4,0
1,151,5,1392,1300,1400,4,0
1,151,5,1393,1300,1400,4,0
1,152,5,1393,1300,1400,4,0
1,152,5,1393,1300,1400,4,0
1,152,5,1393,1300,1400,4,0
1,153,5,1393,1300,1400,4,0
1,153,5,1393,1300,1400,4,0
1,153,5,1393,1300,1400,4,0
1,154,5,1393,1300,1400,4,0
1,154,5,1393,1300,1400,4,0
1,154,5,1394,1300,1400,4,0
1,155,5,1393,1300,1400,4,0
1,155,5,1393,1300,1400,4,0
1,155,5,1394,1300,1400,4,0
1,156,5,1393,1300,1400,4,0
1,156,5,1393,1300,1400,4,0
1,156,5,1394,1300,1400,4,0
1,157,5,1394,1300,1400,4,0
1,157,5,1390,1300,1400,4,0